0.000000, 0
0.000000, 0
0.001534, 0
0.001534, 0
0.003068, 0
0.003068, 0
0.004602, 0
0.004602, 0
0.006136, 0
0.006136, 0
0.007670, 0
0.007670, 0
0.009204, 0
0.009204, 0
0.010738, 0
0.010738, 0
0.012272, 0
0.012272, 0
0.013805, 0
0.013805, 0
0.015339, 0
0.015339, 0
0.016873, 0
0.016873, 0
0.018407, 0
0.018407, 0
0.019940, 0
0.019940, 0
0.021474, 0
0.021474, 0
0.023008, 0
0.023008, 0
0.024541, 0
0.024541, 0
0.026075, 0
0.026075, 0
0.027608, 0
0.027608, 0
0.029142, 0
0.029142, 0
0.030675, 0
0.030675, 0
0.032208, 0
0.032208, 0
0.033741, 0
0.033741, 0
0.035274, 0
0.035274, 0
0.036807, 0
0.036807, 0
0.038340, 0
0.038340, 0
0.039873, 0
0.039873, 0
0.041406, 0
0.041406, 0
0.042938, 0
0.042938, 0
0.044471, 0
0.044471, 0
0.046003, 0
0.046003, 0
0.047536, 0
0.047536, 0
0.049068, 0
0.049068, 0
0.050600, 0
0.050600, 0
0.052132, 0
0.052132, 0
0.053663, 0
0.053663, 0
0.055195, 0
0.055195, 0
0.056727, 0
0.056727, 0
0.058258, 0
0.058258, 0
0.059790, 0
0.059790, 0
0.061321, 0
0.061321, 0
0.062852, 0
0.062852, 0
0.064383, 0
0.064383, 0
0.065913, 0
0.065913, 0
0.067444, 0
0.067444, 0
0.068974, 0
0.068974, 0
0.070505, 0
0.070505, 0
0.072035, 0
0.072035, 0
0.073565, 0
0.073565, 0
0.075094, 0
0.075094, 0
0.076624, 0
0.076624, 0
0.078153, 0
0.078153, 0
0.079682, 0
0.079682, 0
0.081211, 0
0.081211, 0
0.082740, 0
0.082740, 0
0.084269, 0
0.084269, 0
0.085797, 0
0.085797, 0
0.087325, 0
0.087325, 0
0.088853, 0
0.088853, 0
0.090381, 0
0.090381, 0
0.091909, 0
0.091909, 0
0.093436, 0
0.093436, 0
0.094963, 0
0.094963, 0
0.096490, 0
0.096490, 0
0.098017, 0
0.098017, 0
0.099544, 0
0.099544, 0
0.101070, 0
0.101070, 0
0.102596, 0
0.102596, 0
0.104122, 0
0.104122, 0
0.105647, 0
0.105647, 0
0.107172, 0
0.107172, 0
0.108697, 0
0.108697, 0
0.110222, 0
0.110222, 0
0.111747, 0
0.111747, 0
0.113271, 0
0.113271, 0
0.114795, 0
0.114795, 0
0.116319, 0
0.116319, 0
0.117842, 0
0.117842, 0
0.119365, 0
0.119365, 0
0.120888, 0
0.120888, 0
0.122411, 0
0.122411, 0
0.123933, 0
0.123933, 0
0.125455, 0
0.125455, 0
0.126977, 0
0.126977, 0
0.128498, 0
0.128498, 0
0.130019, 0
0.130019, 0
0.131540, 0
0.131540, 0
0.133060, 0
0.133060, 0
0.134581, 0
0.134581, 0
0.136101, 0
0.136101, 0
0.137620, 0
0.137620, 0
0.139139, 0
0.139139, 0
0.140658, 0
0.140658, 0
0.142177, 0
0.142177, 0
0.143695, 0
0.143695, 0
0.145213, 0
0.145213, 0
0.146730, 0
0.146730, 0
0.148248, 0
0.148248, 0
0.149765, 0
0.149765, 0
0.151281, 0
0.151281, 0
0.152797, 0
0.152797, 0
0.154313, 0
0.154313, 0
0.155828, 0
0.155828, 0
0.157343, 0
0.157343, 0
0.158858, 0
0.158858, 0
0.160372, 0
0.160372, 0
0.161886, 0
0.161886, 0
0.163400, 0
0.163400, 0
0.164913, 0
0.164913, 0
0.166426, 0
0.166426, 0
0.167938, 0
0.167938, 0
0.169450, 0
0.169450, 0
0.170962, 0
0.170962, 0
0.172473, 0
0.172473, 0
0.173984, 0
0.173984, 0
0.175494, 0
0.175494, 0
0.177004, 0
0.177004, 0
0.178514, 0
0.178514, 0
0.180023, 0
0.180023, 0
0.181532, 0
0.181532, 0
0.183040, 0
0.183040, 0
0.184548, 0
0.184548, 0
0.186055, 0
0.186055, 0
0.187562, 0
0.187562, 0
0.189069, 0
0.189069, 0
0.190575, 0
0.190575, 0
0.192080, 0
0.192080, 0
0.193586, 0
0.193586, 0
0.195090, 0
0.195090, 0
0.196595, 0
0.196595, 0
0.198099, 0
0.198099, 0
0.199602, 0
0.199602, 0
0.201105, 0
0.201105, 0
0.202607, 0
0.202607, 0
0.204109, 0
0.204109, 0
0.205611, 0
0.205611, 0
0.207111, 0
0.207111, 0
0.208612, 0
0.208612, 0
0.210112, 0
0.210112, 0
0.211612, 0
0.211612, 0
0.213110, 0
0.213110, 0
0.214609, 0
0.214609, 0
0.216107, 0
0.216107, 0
0.217604, 0
0.217604, 0
0.219101, 0
0.219101, 0
0.220598, 0
0.220598, 0
0.222094, 0
0.222094, 0
0.223589, 0
0.223589, 0
0.225084, 0
0.225084, 0
0.226578, 0
0.226578, 0
0.228072, 0
0.228072, 0
0.229566, 0
0.229566, 0
0.231058, 0
0.231058, 0
0.232551, 0
0.232551, 0
0.234042, 0
0.234042, 0
0.235533, 0
0.235533, 0
0.237024, 0
0.237024, 0
0.238514, 0
0.238514, 0
0.240003, 0
0.240003, 0
0.241492, 0
0.241492, 0
0.242980, 0
0.242980, 0
0.244468, 0
0.244468, 0
0.245955, 0
0.245955, 0
0.247442, 0
0.247442, 0
0.248928, 0
0.248928, 0
0.250413, 0
0.250413, 0
0.251898, 0
0.251898, 0
0.253382, 0
0.253382, 0
0.254866, 0
0.254866, 0
0.256349, 0
0.256349, 0
0.257831, 0
0.257831, 0
0.259313, 0
0.259313, 0
0.260794, 0
0.260794, 0
0.262275, 0
0.262275, 0
0.263755, 0
0.263755, 0
0.265234, 0
0.265234, 0
0.266713, 0
0.266713, 0
0.268191, 0
0.268191, 0
0.269669, 0
0.269669, 0
0.271145, 0
0.271145, 0
0.272622, 0
0.272622, 0
0.274097, 0
0.274097, 0
0.275572, 0
0.275572, 0
0.277046, 0
0.277046, 0
0.278520, 0
0.278520, 0
0.279993, 0
0.279993, 0
0.281465, 0
0.281465, 0
0.282937, 0
0.282937, 0
0.284408, 0
0.284408, 0
0.285878, 0
0.285878, 0
0.287348, 0
0.287348, 0
0.288817, 0
0.288817, 0
0.290285, 0
0.290285, 0
0.291753, 0
0.291753, 0
0.293220, 0
0.293220, 0
0.294686, 0
0.294686, 0
0.296151, 0
0.296151, 0
0.297616, 0
0.297616, 0
0.299080, 0
0.299080, 0
0.300544, 0
0.300544, 0
0.302006, 0
0.302006, 0
0.303468, 0
0.303468, 0
0.304930, 0
0.304930, 0
0.306390, 0
0.306390, 0
0.307850, 0
0.307850, 0
0.309309, 0
0.309309, 0
0.310768, 0
0.310768, 0
0.312225, 0
0.312225, 0
0.313682, 0
0.313682, 0
0.315138, 0
0.315138, 0
0.316594, 0
0.316594, 0
0.318048, 0
0.318048, 0
0.319502, 0
0.319502, 0
0.320956, 0
0.320956, 0
0.322408, 0
0.322408, 0
0.323860, 0
0.323860, 0
0.325311, 0
0.325311, 0
0.326761, 0
0.326761, 0
0.328210, 0
0.328210, 0
0.329659, 0
0.329659, 0
0.331107, 0
0.331107, 0
0.332554, 0
0.332554, 0
0.334000, 0
0.334000, 0
0.335446, 0
0.335446, 0
0.336890, 0
0.336890, 0
0.338334, 0
0.338334, 0
0.339777, 0
0.339777, 0
0.341220, 0
0.341220, 0
0.342661, 0
0.342661, 0
0.344102, 0
0.344102, 0
0.345542, 0
0.345542, 0
0.346981, 0
0.346981, 0
0.348419, 0
0.348419, 0
0.349857, 0
0.349857, 0
0.351293, 0
0.351293, 0
0.352729, 0
0.352729, 0
0.354164, 0
0.354164, 0
0.355598, 0
0.355598, 0
0.357031, 0
0.357031, 0
0.358464, 0
0.358464, 0
0.359896, 0
0.359896, 0
0.361326, 0
0.361326, 0
0.362756, 0
0.362756, 0
0.364185, 0
0.364185, 0
0.365614, 0
0.365614, 0
0.367041, 0
0.367041, 0
0.368467, 0
0.368467, 0
0.369893, 0
0.369893, 0
0.371318, 0
0.371318, 0
0.372742, 0
0.372742, 0
0.374165, 0
0.374165, 0
0.375587, 0
0.375587, 0
0.377008, 0
0.377008, 0
0.378428, 0
0.378428, 0
0.379848, 0
0.379848, 0
0.381266, 0
0.381266, 0
0.382684, 0
0.382684, 0
0.384101, 0
0.384101, 0
0.385517, 0
0.385517, 0
0.386932, 0
0.386932, 0
0.388346, 0
0.388346, 0
0.389759, 0
0.389759, 0
0.391171, 0
0.391171, 0
0.392582, 0
0.392582, 0
0.393993, 0
0.393993, 0
0.395402, 0
0.395402, 0
0.396811, 0
0.396811, 0
0.398218, 0
0.398218, 0
0.399625, 0
0.399625, 0
0.401031, 0
0.401031, 0
0.402435, 0
0.402435, 0
0.403839, 0
0.403839, 0
0.405242, 0
0.405242, 0
0.406644, 0
0.406644, 0
0.408045, 0
0.408045, 0
0.409445, 0
0.409445, 0
0.410844, 0
0.410844, 0
0.412242, 0
0.412242, 0
0.413639, 0
0.413639, 0
0.415035, 0
0.415035, 0
0.416430, 0
0.416430, 0
0.417824, 0
0.417824, 0
0.419218, 0
0.419218, 0
0.420610, 0
0.420610, 0
0.422001, 0
0.422001, 0
0.423391, 0
0.423391, 0
0.424780, 0
0.424780, 0
0.426169, 0
0.426169, 0
0.427556, 0
0.427556, 0
0.428942, 0
0.428942, 0
0.430327, 0
0.430327, 0
0.431711, 0
0.431711, 0
0.433095, 0
0.433095, 0
0.434477, 0
0.434477, 0
0.435858, 0
0.435858, 0
0.437238, 0
0.437238, 0
0.438617, 0
0.438617, 0
0.439995, 0
0.439995, 0
0.441372, 0
0.441372, 0
0.442748, 0
0.442748, 0
0.444123, 0
0.444123, 0
0.445497, 0
0.445497, 0
0.446870, 0
0.446870, 0
0.448241, 0
0.448241, 0
0.449612, 0
0.449612, 0
0.450982, 0
0.450982, 0
0.452350, 0
0.452350, 0
0.453718, 0
0.453718, 0
0.455084, 0
0.455084, 0
0.456450, 0
0.456450, 0
0.457814, 0
0.457814, 0
0.459177, 0
0.459177, 0
0.460539, 0
0.460539, 0
0.461901, 0
0.461901, 0
0.463261, 0
0.463261, 0
0.464620, 0
0.464620, 0
0.465977, 0
0.465977, 0
0.467334, 0
0.467334, 0
0.468690, 0
0.468690, 0
0.470044, 0
0.470044, 0
0.471398, 0
0.471398, 0
0.472750, 0
0.472750, 0
0.474101, 0
0.474101, 0
0.475451, 0
0.475451, 0
0.476800, 0
0.476800, 0
0.478148, 0
0.478148, 0
0.479495, 0
0.479495, 0
0.480840, 0
0.480840, 0
0.482185, 0
0.482185, 0
0.483528, 0
0.483528, 0
0.484870, 0
0.484870, 0
0.486211, 0
0.486211, 0
0.487551, 0
0.487551, 0
0.488890, 0
0.488890, 0
0.490227, 0
0.490227, 0
0.491564, 0
0.491564, 0
0.492899, 0
0.492899, 0
0.494233, 0
0.494233, 0
0.495566, 0
0.495566, 0
0.496898, 0
0.496898, 0
0.498229, 0
0.498229, 0
0.499558, 0
0.499558, 0
0.500886, 0
0.500886, 0
0.502213, 0
0.502213, 0
0.503539, 0
0.503539, 0
0.504864, 0
0.504864, 0
0.506188, 0
0.506188, 0
0.507510, 0
0.507510, 0
0.508831, 0
0.508831, 0
0.510151, 0
0.510151, 0
0.511470, 0
0.511470, 0
0.512787, 0
0.512787, 0
0.514104, 0
0.514104, 0
0.515419, 0
0.515419, 0
0.516733, 0
0.516733, 0
0.518045, 0
0.518045, 0
0.519357, 0
0.519357, 0
0.520667, 0
0.520667, 0
0.521976, 0
0.521976, 0
0.523284, 0
0.523284, 0
0.524591, 0
0.524591, 0
0.525896, 0
0.525896, 0
0.527200, 0
0.527200, 0
0.528503, 0
0.528503, 0
0.529805, 0
0.529805, 0
0.531105, 0
0.531105, 0
0.532404, 0
0.532404, 0
0.533702, 0
0.533702, 0
0.534999, 0
0.534999, 0
0.536294, 0
0.536294, 0
0.537588, 0
0.537588, 0
0.538881, 0
0.538881, 0
0.540172, 0
0.540172, 0
0.541463, 0
0.541463, 0
0.542752, 0
0.542752, 0
0.544039, 0
0.544039, 0
0.545326, 0
0.545326, 0
0.546611, 0
0.546611, 0
0.547895, 0
0.547895, 0
0.549178, 0
0.549178, 0
0.550459, 0
0.550459, 0
0.551739, 0
0.551739, 0
0.553018, 0
0.553018, 0
0.554295, 0
0.554295, 0
0.555571, 0
0.555571, 0
0.556846, 0
0.556846, 0
0.558120, 0
0.558120, 0
0.559392, 0
0.559392, 0
0.560663, 0
0.560663, 0
0.561932, 0
0.561932, 0
0.563200, 0
0.563200, 0
0.564467, 0
0.564467, 0
0.565733, 0
0.565733, 0
0.566997, 0
0.566997, 0
0.568260, 0
0.568260, 0
0.569522, 0
0.569522, 0
0.570782, 0
0.570782, 0
0.572041, 0
0.572041, 0
0.573298, 0
0.573298, 0
0.574554, 0
0.574554, 0
0.575809, 0
0.575809, 0
0.577063, 0
0.577063, 0
0.578315, 0
0.578315, 0
0.579566, 0
0.579566, 0
0.580815, 0
0.580815, 0
0.582063, 0
0.582063, 0
0.583310, 0
0.583310, 0
0.584555, 0
0.584555, 0
0.585799, 0
0.585799, 0
0.587041, 0
0.587041, 0
0.588283, 0
0.588283, 0
0.589522, 0
0.589522, 0
0.590761, 0
0.590761, 0
0.591998, 0
0.591998, 0
0.593233, 0
0.593233, 0
0.594468, 0
0.594468, 0
0.595700, 0
0.595700, 0
0.596932, 0
0.596932, 0
0.598162, 0
0.598162, 0
0.599390, 0
0.599390, 0
0.600618, 0
0.600618, 0
0.601843, 0
0.601843, 0
0.603068, 0
0.603068, 0
0.604291, 0
0.604291, 0
0.605512, 0
0.605512, 0
0.606732, 0
0.606732, 0
0.607951, 0
0.607951, 0
0.609168, 0
0.609168, 0
0.610384, 0
0.610384, 0
0.611598, 0
0.611598, 0
0.612811, 0
0.612811, 0
0.614023, 0
0.614023, 0
0.615233, 0
0.615233, 0
0.616441, 0
0.616441, 0
0.617648, 0
0.617648, 0
0.618854, 0
0.618854, 0
0.620058, 0
0.620058, 0
0.621261, 0
0.621261, 0
0.622462, 0
0.622462, 0
0.623662, 0
0.623662, 0
0.624861, 0
0.624861, 0
0.626058, 0
0.626058, 0
0.627253, 0
0.627253, 0
0.628447, 0
0.628447, 0
0.629639, 0
0.629639, 0
0.630830, 0
0.630830, 0
0.632020, 0
0.632020, 0
0.633208, 0
0.633208, 0
0.634394, 0
0.634394, 0
0.635579, 0
0.635579, 0
0.636763, 0
0.636763, 0
0.637945, 0
0.637945, 0
0.639126, 0
0.639126, 0
0.640305, 0
0.640305, 0
0.641482, 0
0.641482, 0
0.642658, 0
0.642658, 0
0.643833, 0
0.643833, 0
0.645006, 0
0.645006, 0
0.646177, 0
0.646177, 0
0.647347, 0
0.647347, 0
0.648516, 0
0.648516, 0
0.649683, 0
0.649683, 0
0.650848, 0
0.650848, 0
0.652012, 0
0.652012, 0
0.653174, 0
0.653174, 0
0.654335, 0
0.654335, 0
0.655494, 0
0.655494, 0
0.656652, 0
0.656652, 0
0.657808, 0
0.657808, 0
0.658962, 0
0.658962, 0
0.660115, 0
0.660115, 0
0.661267, 0
0.661267, 0
0.662417, 0
0.662417, 0
0.663565, 0
0.663565, 0
0.664712, 0
0.664712, 0
0.665857, 0
0.665857, 0
0.667001, 0
0.667001, 0
0.668143, 0
0.668143, 0
0.669284, 0
0.669284, 0
0.670423, 0
0.670423, 0
0.671560, 0
0.671560, 0
0.672696, 0
0.672696, 0
0.673830, 0
0.673830, 0
0.674963, 0
0.674963, 0
0.676094, 0
0.676094, 0
0.677223, 0
0.677223, 0
0.678351, 0
0.678351, 0
0.679478, 0
0.679478, 0
0.680602, 0
0.680602, 0
0.681725, 0
0.681725, 0
0.682847, 0
0.682847, 0
0.683967, 0
0.683967, 0
0.685085, 0
0.685085, 0
0.686202, 0
0.686202, 0
0.687317, 0
0.687317, 0
0.688430, 0
0.688430, 0
0.689542, 0
0.689542, 0
0.690652, 0
0.690652, 0
0.691760, 0
0.691760, 0
0.692867, 0
0.692867, 0
0.693973, 0
0.693973, 0
0.695076, 0
0.695076, 0
0.696178, 0
0.696178, 0
0.697279, 0
0.697279, 0
0.698377, 0
0.698377, 0
0.699475, 0
0.699475, 0
0.700570, 0
0.700570, 0
0.701664, 0
0.701664, 0
0.702756, 0
0.702756, 0
0.703846, 0
0.703846, 0
0.704935, 0
0.704935, 0
0.706023, 0
0.706023, 0
0.707108, 0
0.707108, 0
0.708192, 0
0.708192, 0
0.709274, 0
0.709274, 0
0.710355, 0
0.710355, 0
0.711433, 0
0.711433, 0
0.712511, 0
0.712511, 0
0.713586, 0
0.713586, 0
0.714660, 0
0.714660, 0
0.715732, 0
0.715732, 0
0.716802, 0
0.716802, 0
0.717871, 0
0.717871, 0
0.718938, 0
0.718938, 0
0.720004, 0
0.720004, 0
0.721067, 0
0.721067, 0
0.722129, 0
0.722129, 0
0.723190, 0
0.723190, 0
0.724248, 0
0.724248, 0
0.725305, 0
0.725305, 0
0.726360, 0
0.726360, 0
0.727414, 0
0.727414, 0
0.728466, 0
0.728466, 0
0.729516, 0
0.729516, 0
0.730564, 0
0.730564, 0
0.731611, 0
0.731611, 0
0.732656, 0
0.732656, 0
0.733699, 0
0.733699, 0
0.734740, 0
0.734740, 0
0.735780, 0
0.735780, 0
0.736818, 0
0.736818, 0
0.737854, 0
0.737854, 0
0.738889, 0
0.738889, 0
0.739921, 0
0.739921, 0
0.740952, 0
0.740952, 0
0.741982, 0
0.741982, 0
0.743009, 0
0.743009, 0
0.744035, 0
0.744035, 0
0.745059, 0
0.745059, 0
0.746081, 0
0.746081, 0
0.747102, 0
0.747102, 0
0.748121, 0
0.748121, 0
0.749138, 0
0.749138, 0
0.750153, 0
0.750153, 0
0.751166, 0
0.751166, 0
0.752178, 0
0.752178, 0
0.753188, 0
0.753188, 0
0.754196, 0
0.754196, 0
0.755203, 0
0.755203, 0
0.756207, 0
0.756207, 0
0.757210, 0
0.757210, 0
0.758211, 0
0.758211, 0
0.759210, 0
0.759210, 0
0.760208, 0
0.760208, 0
0.761204, 0
0.761204, 0
0.762198, 0
0.762198, 0
0.763190, 0
0.763190, 0
0.764180, 0
0.764180, 0
0.765169, 0
0.765169, 0
0.766155, 0
0.766155, 0
0.767140, 0
0.767140, 0
0.768123, 0
0.768123, 0
0.769105, 0
0.769105, 0
0.770084, 0
0.770084, 0
0.771062, 0
0.771062, 0
0.772038, 0
0.772038, 0
0.773012, 0
0.773012, 0
0.773984, 0
0.773984, 0
0.774954, 0
0.774954, 0
0.775923, 0
0.775923, 0
0.776890, 0
0.776890, 0
0.777855, 0
0.777855, 0
0.778818, 0
0.778818, 0
0.779779, 0
0.779779, 0
0.780738, 0
0.780738, 0
0.781696, 0
0.781696, 0
0.782652, 0
0.782652, 0
0.783606, 0
0.783606, 0
0.784558, 0
0.784558, 0
0.785508, 0
0.785508, 0
0.786456, 0
0.786456, 0
0.787403, 0
0.787403, 0
0.788348, 0
0.788348, 0
0.789291, 0
0.789291, 0
0.790231, 0
0.790231, 0
0.791171, 0
0.791171, 0
0.792108, 0
0.792108, 0
0.793043, 0
0.793043, 0
0.793977, 0
0.793977, 0
0.794908, 0
0.794908, 0
0.795838, 0
0.795838, 0
0.796766, 0
0.796766, 0
0.797692, 0
0.797692, 0
0.798616, 0
0.798616, 0
0.799539, 0
0.799539, 0
0.800459, 0
0.800459, 0
0.801377, 0
0.801377, 0
0.802294, 0
0.802294, 0
0.803209, 0
0.803209, 0
0.804122, 0
0.804122, 0
0.805033, 0
0.805033, 0
0.805942, 0
0.805942, 0
0.806849, 0
0.806849, 0
0.807754, 0
0.807754, 0
0.808658, 0
0.808658, 0
0.809559, 0
0.809559, 0
0.810458, 0
0.810458, 0
0.811356, 0
0.811356, 0
0.812252, 0
0.812252, 0
0.813146, 0
0.813146, 0
0.814038, 0
0.814038, 0
0.814928, 0
0.814928, 0
0.815816, 0
0.815816, 0
0.816702, 0
0.816702, 0
0.817586, 0
0.817586, 0
0.818468, 0
0.818468, 0
0.819349, 0
0.819349, 0
0.820227, 0
0.820227, 0
0.821104, 0
0.821104, 0
0.821978, 0
0.821978, 0
0.822851, 0
0.822851, 0
0.823722, 0
0.823722, 0
0.824591, 0
0.824591, 0
0.825457, 0
0.825457, 0
0.826322, 0
0.826322, 0
0.827185, 0
0.827185, 0
0.828046, 0
0.828046, 0
0.828905, 0
0.828905, 0
0.829762, 0
0.829762, 0
0.830618, 0
0.830618, 0
0.831471, 0
0.831471, 0
0.832322, 0
0.832322, 0
0.833171, 0
0.833171, 0
0.834019, 0
0.834019, 0
0.834864, 0
0.834864, 0
0.835708, 0
0.835708, 0
0.836549, 0
0.836549, 0
0.837389, 0
0.837389, 0
0.838226, 0
0.838226, 0
0.839061, 0
0.839061, 0
0.839895, 0
0.839895, 0
0.840727, 0
0.840727, 0
0.841556, 0
0.841556, 0
0.842384, 0
0.842384, 0
0.843210, 0
0.843210, 0
0.844033, 0
0.844033, 0
0.844855, 0
0.844855, 0
0.845675, 0
0.845675, 0
0.846492, 0
0.846492, 0
0.847308, 0
0.847308, 0
0.848122, 0
0.848122, 0
0.848933, 0
0.848933, 0
0.849743, 0
0.849743, 0
0.850551, 0
0.850551, 0
0.851357, 0
0.851357, 0
0.852160, 0
0.852160, 0
0.852962, 0
0.852962, 0
0.853762, 0
0.853762, 0
0.854559, 0
0.854559, 0
0.855355, 0
0.855355, 0
0.856149, 0
0.856149, 0
0.856940, 0
0.856940, 0
0.857730, 0
0.857730, 0
0.858518, 0
0.858518, 0
0.859303, 0
0.859303, 0
0.860087, 0
0.860087, 0
0.860868, 0
0.860868, 0
0.861648, 0
0.861648, 0
0.862425, 0
0.862425, 0
0.863201, 0
0.863201, 0
0.863974, 0
0.863974, 0
0.864745, 0
0.864745, 0
0.865515, 0
0.865515, 0
0.866282, 0
0.866282, 0
0.867047, 0
0.867047, 0
0.867811, 0
0.867811, 0
0.868572, 0
0.868572, 0
0.869331, 0
0.869331, 0
0.870088, 0
0.870088, 0
0.870843, 0
0.870843, 0
0.871596, 0
0.871596, 0
0.872347, 0
0.872347, 0
0.873096, 0
0.873096, 0
0.873843, 0
0.873843, 0
0.874588, 0
0.874588, 0
0.875331, 0
0.875331, 0
0.876071, 0
0.876071, 0
0.876810, 0
0.876810, 0
0.877547, 0
0.877547, 0
0.878281, 0
0.878281, 0
0.879013, 0
0.879013, 0
0.879744, 0
0.879744, 0
0.880472, 0
0.880472, 0
0.881198, 0
0.881198, 0
0.881922, 0
0.881922, 0
0.882645, 0
0.882645, 0
0.883365, 0
0.883365, 0
0.884082, 0
0.884082, 0
0.884798, 0
0.884798, 0
0.885512, 0
0.885512, 0
0.886224, 0
0.886224, 0
0.886933, 0
0.886933, 0
0.887641, 0
0.887641, 0
0.888346, 0
0.888346, 0
0.889050, 0
0.889050, 0
0.889751, 0
0.889751, 0
0.890450, 0
0.890450, 0
0.891147, 0
0.891147, 0
0.891842, 0
0.891842, 0
0.892535, 0
0.892535, 0
0.893225, 0
0.893225, 0
0.893914, 0
0.893914, 0
0.894601, 0
0.894601, 0
0.895285, 0
0.895285, 0
0.895967, 0
0.895967, 0
0.896648, 0
0.896648, 0
0.897326, 0
0.897326, 0
0.898002, 0
0.898002, 0
0.898676, 0
0.898676, 0
0.899347, 0
0.899347, 0
0.900017, 0
0.900017, 0
0.900685, 0
0.900685, 0
0.901350, 0
0.901350, 0
0.902013, 0
0.902013, 0
0.902674, 0
0.902674, 0
0.903334, 0
0.903334, 0
0.903991, 0
0.903991, 0
0.904645, 0
0.904645, 0
0.905298, 0
0.905298, 0
0.905948, 0
0.905948, 0
0.906597, 0
0.906597, 0
0.907243, 0
0.907243, 0
0.907887, 0
0.907887, 0
0.908529, 0
0.908529, 0
0.909169, 0
0.909169, 0
0.909807, 0
0.909807, 0
0.910442, 0
0.910442, 0
0.911076, 0
0.911076, 0
0.911707, 0
0.911707, 0
0.912336, 0
0.912336, 0
0.912963, 0
0.912963, 0
0.913588, 0
0.913588, 0
0.914211, 0
0.914211, 0
0.914831, 0
0.914831, 0
0.915450, 0
0.915450, 0
0.916066, 0
0.916066, 0
0.916680, 0
0.916680, 0
0.917292, 0
0.917292, 0
0.917902, 0
0.917902, 0
0.918509, 0
0.918509, 0
0.919115, 0
0.919115, 0
0.919718, 0
0.919718, 0
0.920319, 0
0.920319, 0
0.920918, 0
0.920918, 0
0.921515, 0
0.921515, 0
0.922110, 0
0.922110, 0
0.922702, 0
0.922702, 0
0.923293, 0
0.923293, 0
0.923881, 0
0.923881, 0
0.924467, 0
0.924467, 0
0.925050, 0
0.925050, 0
0.925632, 0
0.925632, 0
0.926211, 0
0.926211, 0
0.926789, 0
0.926789, 0
0.927364, 0
0.927364, 0
0.927936, 0
0.927936, 0
0.928507, 0
0.928507, 0
0.929076, 0
0.929076, 0
0.929642, 0
0.929642, 0
0.930206, 0
0.930206, 0
0.930768, 0
0.930768, 0
0.931328, 0
0.931328, 0
0.931885, 0
0.931885, 0
0.932441, 0
0.932441, 0
0.932994, 0
0.932994, 0
0.933545, 0
0.933545, 0
0.934094, 0
0.934094, 0
0.934640, 0
0.934640, 0
0.935185, 0
0.935185, 0
0.935727, 0
0.935727, 0
0.936267, 0
0.936267, 0
0.936804, 0
0.936804, 0
0.937340, 0
0.937340, 0
0.937873, 0
0.937873, 0
0.938405, 0
0.938405, 0
0.938933, 0
0.938933, 0
0.939460, 0
0.939460, 0
0.939985, 0
0.939985, 0
0.940507, 0
0.940507, 0
0.941027, 0
0.941027, 0
0.941545, 0
0.941545, 0
0.942061, 0
0.942061, 0
0.942574, 0
0.942574, 0
0.943085, 0
0.943085, 0
0.943594, 0
0.943594, 0
0.944101, 0
0.944101, 0
0.944606, 0
0.944606, 0
0.945108, 0
0.945108, 0
0.945608, 0
0.945608, 0
0.946106, 0
0.946106, 0
0.946602, 0
0.946602, 0
0.947095, 0
0.947095, 0
0.947587, 0
0.947587, 0
0.948076, 0
0.948076, 0
0.948562, 0
0.948562, 0
0.949047, 0
0.949047, 0
0.949529, 0
0.949529, 0
0.950009, 0
0.950009, 0
0.950487, 0
0.950487, 0
0.950963, 0
0.950963, 0
0.951436, 0
0.951436, 0
0.951907, 0
0.951907, 0
0.952376, 0
0.952376, 0
0.952843, 0
0.952843, 0
0.953307, 0
0.953307, 0
0.953769, 0
0.953769, 0
0.954229, 0
0.954229, 0
0.954687, 0
0.954687, 0
0.955142, 0
0.955142, 0
0.955595, 0
0.955595, 0
0.956046, 0
0.956046, 0
0.956495, 0
0.956495, 0
0.956941, 0
0.956941, 0
0.957385, 0
0.957385, 0
0.957827, 0
0.957827, 0
0.958267, 0
0.958267, 0
0.958704, 0
0.958704, 0
0.959139, 0
0.959139, 0
0.959572, 0
0.959572, 0
0.960003, 0
0.960003, 0
0.960431, 0
0.960431, 0
0.960858, 0
0.960858, 0
0.961281, 0
0.961281, 0
0.961703, 0
0.961703, 0
0.962122, 0
0.962122, 0
0.962539, 0
0.962539, 0
0.962954, 0
0.962954, 0
0.963367, 0
0.963367, 0
0.963777, 0
0.963777, 0
0.964185, 0
0.964185, 0
0.964591, 0
0.964591, 0
0.964994, 0
0.964994, 0
0.965395, 0
0.965395, 0
0.965794, 0
0.965794, 0
0.966191, 0
0.966191, 0
0.966585, 0
0.966585, 0
0.966977, 0
0.966977, 0
0.967367, 0
0.967367, 0
0.967755, 0
0.967755, 0
0.968140, 0
0.968140, 0
0.968523, 0
0.968523, 0
0.968904, 0
0.968904, 0
0.969282, 0
0.969282, 0
0.969658, 0
0.969658, 0
0.970032, 0
0.970032, 0
0.970404, 0
0.970404, 0
0.970773, 0
0.970773, 0
0.971140, 0
0.971140, 0
0.971505, 0
0.971505, 0
0.971867, 0
0.971867, 0
0.972227, 0
0.972227, 0
0.972585, 0
0.972585, 0
0.972941, 0
0.972941, 0
0.973294, 0
0.973294, 0
0.973645, 0
0.973645, 0
0.973994, 0
0.973994, 0
0.974340, 0
0.974340, 0
0.974684, 0
0.974684, 0
0.975026, 0
0.975026, 0
0.975366, 0
0.975366, 0
0.975703, 0
0.975703, 0
0.976038, 0
0.976038, 0
0.976370, 0
0.976370, 0
0.976701, 0
0.976701, 0
0.977029, 0
0.977029, 0
0.977355, 0
0.977355, 0
0.977678, 0
0.977678, 0
0.977999, 0
0.977999, 0
0.978318, 0
0.978318, 0
0.978635, 0
0.978635, 0
0.978949, 0
0.978949, 0
0.979261, 0
0.979261, 0
0.979570, 0
0.979570, 0
0.979878, 0
0.979878, 0
0.980183, 0
0.980183, 0
0.980486, 0
0.980486, 0
0.980786, 0
0.980786, 0
0.981084, 0
0.981084, 0
0.981380, 0
0.981380, 0
0.981673, 0
0.981673, 0
0.981964, 0
0.981964, 0
0.982253, 0
0.982253, 0
0.982540, 0
0.982540, 0
0.982824, 0
0.982824, 0
0.983106, 0
0.983106, 0
0.983386, 0
0.983386, 0
0.983663, 0
0.983663, 0
0.983938, 0
0.983938, 0
0.984211, 0
0.984211, 0
0.984481, 0
0.984481, 0
0.984749, 0
0.984749, 0
0.985015, 0
0.985015, 0
0.985278, 0
0.985278, 0
0.985539, 0
0.985539, 0
0.985798, 0
0.985798, 0
0.986055, 0
0.986055, 0
0.986309, 0
0.986309, 0
0.986560, 0
0.986560, 0
0.986810, 0
0.986810, 0
0.987057, 0
0.987057, 0
0.987302, 0
0.987302, 0
0.987545, 0
0.987545, 0
0.987785, 0
0.987785, 0
0.988023, 0
0.988023, 0
0.988258, 0
0.988258, 0
0.988491, 0
0.988491, 0
0.988722, 0
0.988722, 0
0.988951, 0
0.988951, 0
0.989177, 0
0.989177, 0
0.989401, 0
0.989401, 0
0.989622, 0
0.989622, 0
0.989842, 0
0.989842, 0
0.990059, 0
0.990059, 0
0.990273, 0
0.990273, 0
0.990486, 0
0.990486, 0
0.990695, 0
0.990695, 0
0.990903, 0
0.990903, 0
0.991108, 0
0.991108, 0
0.991311, 0
0.991311, 0
0.991512, 0
0.991512, 0
0.991710, 0
0.991710, 0
0.991906, 0
0.991906, 0
0.992100, 0
0.992100, 0
0.992291, 0
0.992291, 0
0.992480, 0
0.992480, 0
0.992667, 0
0.992667, 0
0.992851, 0
0.992851, 0
0.993033, 0
0.993033, 0
0.993212, 0
0.993212, 0
0.993390, 0
0.993390, 0
0.993564, 0
0.993564, 0
0.993737, 0
0.993737, 0
0.993907, 0
0.993907, 0
0.994075, 0
0.994075, 0
0.994241, 0
0.994241, 0
0.994404, 0
0.994404, 0
0.994565, 0
0.994565, 0
0.994723, 0
0.994723, 0
0.994880, 0
0.994880, 0
0.995034, 0
0.995034, 0
0.995185, 0
0.995185, 0
0.995334, 0
0.995334, 0
0.995481, 0
0.995481, 0
0.995626, 0
0.995626, 0
0.995768, 0
0.995768, 0
0.995908, 0
0.995908, 0
0.996045, 0
0.996045, 0
0.996180, 0
0.996180, 0
0.996313, 0
0.996313, 0
0.996443, 0
0.996443, 0
0.996571, 0
0.996571, 0
0.996697, 0
0.996697, 0
0.996821, 0
0.996821, 0
0.996942, 0
0.996942, 0
0.997060, 0
0.997060, 0
0.997177, 0
0.997177, 0
0.997291, 0
0.997291, 0
0.997402, 0
0.997402, 0
0.997512, 0
0.997512, 0
0.997619, 0
0.997619, 0
0.997723, 0
0.997723, 0
0.997826, 0
0.997826, 0
0.997926, 0
0.997926, 0
0.998023, 0
0.998023, 0
0.998118, 0
0.998118, 0
0.998211, 0
0.998211, 0
0.998302, 0
0.998302, 0
0.998390, 0
0.998390, 0
0.998476, 0
0.998476, 0
0.998559, 0
0.998559, 0
0.998640, 0
0.998640, 0
0.998719, 0
0.998719, 0
0.998796, 0
0.998796, 0
0.998870, 0
0.998870, 0
0.998941, 0
0.998941, 0
0.999011, 0
0.999011, 0
0.999078, 0
0.999078, 0
0.999143, 0
0.999143, 0
0.999205, 0
0.999205, 0
0.999265, 0
0.999265, 0
0.999323, 0
0.999323, 0
0.999378, 0
0.999378, 0
0.999431, 0
0.999431, 0
0.999481, 0
0.999481, 0
0.999529, 0
0.999529, 0
0.999575, 0
0.999575, 0
0.999619, 0
0.999619, 0
0.999660, 0
0.999660, 0
0.999699, 0
0.999699, 0
0.999735, 0
0.999735, 0
0.999769, 0
0.999769, 0
0.999801, 0
0.999801, 0
0.999831, 0
0.999831, 0
0.999858, 0
0.999858, 0
0.999882, 0
0.999882, 0
0.999905, 0
0.999905, 0
0.999925, 0
0.999925, 0
0.999942, 0
0.999942, 0
0.999958, 0
0.999958, 0
0.999971, 0
0.999971, 0
0.999981, 0
0.999981, 0
0.999989, 0
0.999989, 0
0.999995, 0
0.999995, 0
0.999999, 0
0.999999, 0
1.000000, 0
1.000000, 0
0.999999, 0
0.999999, 0
0.999995, 0
0.999995, 0
0.999989, 0
0.999989, 0
0.999981, 0
0.999981, 0
0.999971, 0
0.999971, 0
0.999958, 0
0.999958, 0
0.999942, 0
0.999942, 0
0.999925, 0
0.999925, 0
0.999905, 0
0.999905, 0
0.999882, 0
0.999882, 0
0.999858, 0
0.999858, 0
0.999830, 0
0.999830, 0
0.999801, 0
0.999801, 0
0.999769, 0
0.999769, 0
0.999735, 0
0.999735, 0
0.999699, 0
0.999699, 0
0.999660, 0
0.999660, 0
0.999619, 0
0.999619, 0
0.999575, 0
0.999575, 0
0.999529, 0
0.999529, 0
0.999481, 0
0.999481, 0
0.999430, 0
0.999430, 0
0.999377, 0
0.999377, 0
0.999322, 0
0.999322, 0
0.999265, 0
0.999265, 0
0.999205, 0
0.999205, 0
0.999142, 0
0.999142, 0
0.999078, 0
0.999078, 0
0.999010, 0
0.999010, 0
0.998941, 0
0.998941, 0
0.998869, 0
0.998869, 0
0.998795, 0
0.998795, 0
0.998719, 0
0.998719, 0
0.998640, 0
0.998640, 0
0.998559, 0
0.998559, 0
0.998475, 0
0.998475, 0
0.998389, 0
0.998389, 0
0.998301, 0
0.998301, 0
0.998211, 0
0.998211, 0
0.998118, 0
0.998118, 0
0.998023, 0
0.998023, 0
0.997925, 0
0.997925, 0
0.997825, 0
0.997825, 0
0.997723, 0
0.997723, 0
0.997618, 0
0.997618, 0
0.997511, 0
0.997511, 0
0.997402, 0
0.997402, 0
0.997290, 0
0.997290, 0
0.997176, 0
0.997176, 0
0.997060, 0
0.997060, 0
0.996941, 0
0.996941, 0
0.996820, 0
0.996820, 0
0.996697, 0
0.996697, 0
0.996571, 0
0.996571, 0
0.996443, 0
0.996443, 0
0.996312, 0
0.996312, 0
0.996179, 0
0.996179, 0
0.996044, 0
0.996044, 0
0.995907, 0
0.995907, 0
0.995767, 0
0.995767, 0
0.995625, 0
0.995625, 0
0.995480, 0
0.995480, 0
0.995334, 0
0.995334, 0
0.995184, 0
0.995184, 0
0.995033, 0
0.995033, 0
0.994879, 0
0.994879, 0
0.994723, 0
0.994723, 0
0.994564, 0
0.994564, 0
0.994403, 0
0.994403, 0
0.994240, 0
0.994240, 0
0.994074, 0
0.994074, 0
0.993906, 0
0.993906, 0
0.993736, 0
0.993736, 0
0.993564, 0
0.993564, 0
0.993389, 0
0.993389, 0
0.993211, 0
0.993211, 0
0.993032, 0
0.993032, 0
0.992850, 0
0.992850, 0
0.992666, 0
0.992666, 0
0.992479, 0
0.992479, 0
0.992290, 0
0.992290, 0
0.992099, 0
0.992099, 0
0.991905, 0
0.991905, 0
0.991709, 0
0.991709, 0
0.991511, 0
0.991511, 0
0.991310, 0
0.991310, 0
0.991107, 0
0.991107, 0
0.990902, 0
0.990902, 0
0.990694, 0
0.990694, 0
0.990484, 0
0.990484, 0
0.990272, 0
0.990272, 0
0.990058, 0
0.990058, 0
0.989841, 0
0.989841, 0
0.989621, 0
0.989621, 0
0.989400, 0
0.989400, 0
0.989176, 0
0.989176, 0
0.988950, 0
0.988950, 0
0.988721, 0
0.988721, 0
0.988490, 0
0.988490, 0
0.988257, 0
0.988257, 0
0.988021, 0
0.988021, 0
0.987783, 0
0.987783, 0
0.987543, 0
0.987543, 0
0.987301, 0
0.987301, 0
0.987056, 0
0.987056, 0
0.986809, 0
0.986809, 0
0.986559, 0
0.986559, 0
0.986307, 0
0.986307, 0
0.986053, 0
0.986053, 0
0.985797, 0
0.985797, 0
0.985538, 0
0.985538, 0
0.985277, 0
0.985277, 0
0.985013, 0
0.985013, 0
0.984748, 0
0.984748, 0
0.984480, 0
0.984480, 0
0.984209, 0
0.984209, 0
0.983937, 0
0.983937, 0
0.983662, 0
0.983662, 0
0.983384, 0
0.983384, 0
0.983105, 0
0.983105, 0
0.982823, 0
0.982823, 0
0.982538, 0
0.982538, 0
0.982252, 0
0.982252, 0
0.981963, 0
0.981963, 0
0.981672, 0
0.981672, 0
0.981378, 0
0.981378, 0
0.981083, 0
0.981083, 0
0.980784, 0
0.980784, 0
0.980484, 0
0.980484, 0
0.980181, 0
0.980181, 0
0.979876, 0
0.979876, 0
0.979569, 0
0.979569, 0
0.979259, 0
0.979259, 0
0.978947, 0
0.978947, 0
0.978633, 0
0.978633, 0
0.978316, 0
0.978316, 0
0.977998, 0
0.977998, 0
0.977676, 0
0.977676, 0
0.977353, 0
0.977353, 0
0.977027, 0
0.977027, 0
0.976699, 0
0.976699, 0
0.976369, 0
0.976369, 0
0.976036, 0
0.976036, 0
0.975701, 0
0.975701, 0
0.975364, 0
0.975364, 0
0.975024, 0
0.975024, 0
0.974682, 0
0.974682, 0
0.974338, 0
0.974338, 0
0.973992, 0
0.973992, 0
0.973643, 0
0.973643, 0
0.973292, 0
0.973292, 0
0.972939, 0
0.972939, 0
0.972583, 0
0.972583, 0
0.972225, 0
0.972225, 0
0.971865, 0
0.971865, 0
0.971503, 0
0.971503, 0
0.971138, 0
0.971138, 0
0.970771, 0
0.970771, 0
0.970402, 0
0.970402, 0
0.970030, 0
0.970030, 0
0.969656, 0
0.969656, 0
0.969280, 0
0.969280, 0
0.968902, 0
0.968902, 0
0.968521, 0
0.968521, 0
0.968138, 0
0.968138, 0
0.967753, 0
0.967753, 0
0.967365, 0
0.967365, 0
0.966975, 0
0.966975, 0
0.966583, 0
0.966583, 0
0.966189, 0
0.966189, 0
0.965792, 0
0.965792, 0
0.965393, 0
0.965393, 0
0.964992, 0
0.964992, 0
0.964589, 0
0.964589, 0
0.964183, 0
0.964183, 0
0.963775, 0
0.963775, 0
0.963364, 0
0.963364, 0
0.962952, 0
0.962952, 0
0.962537, 0
0.962537, 0
0.962120, 0
0.962120, 0
0.961701, 0
0.961701, 0
0.961279, 0
0.961279, 0
0.960855, 0
0.960855, 0
0.960429, 0
0.960429, 0
0.960001, 0
0.960001, 0
0.959570, 0
0.959570, 0
0.959137, 0
0.959137, 0
0.958702, 0
0.958702, 0
0.958265, 0
0.958265, 0
0.957825, 0
0.957825, 0
0.957383, 0
0.957383, 0
0.956939, 0
0.956939, 0
0.956493, 0
0.956493, 0
0.956044, 0
0.956044, 0
0.955593, 0
0.955593, 0
0.955140, 0
0.955140, 0
0.954684, 0
0.954684, 0
0.954227, 0
0.954227, 0
0.953767, 0
0.953767, 0
0.953305, 0
0.953305, 0
0.952840, 0
0.952840, 0
0.952374, 0
0.952374, 0
0.951905, 0
0.951905, 0
0.951434, 0
0.951434, 0
0.950960, 0
0.950960, 0
0.950485, 0
0.950485, 0
0.950007, 0
0.950007, 0
0.949527, 0
0.949527, 0
0.949044, 0
0.949044, 0
0.948560, 0
0.948560, 0
0.948073, 0
0.948073, 0
0.947584, 0
0.947584, 0
0.947093, 0
0.947093, 0
0.946599, 0
0.946599, 0
0.946104, 0
0.946104, 0
0.945606, 0
0.945606, 0
0.945106, 0
0.945106, 0
0.944603, 0
0.944603, 0
0.944099, 0
0.944099, 0
0.943592, 0
0.943592, 0
0.943083, 0
0.943083, 0
0.942572, 0
0.942572, 0
0.942058, 0
0.942058, 0
0.941542, 0
0.941542, 0
0.941025, 0
0.941025, 0
0.940504, 0
0.940504, 0
0.939982, 0
0.939982, 0
0.939458, 0
0.939458, 0
0.938931, 0
0.938931, 0
0.938402, 0
0.938402, 0
0.937871, 0
0.937871, 0
0.937337, 0
0.937337, 0
0.936802, 0
0.936802, 0
0.936264, 0
0.936264, 0
0.935724, 0
0.935724, 0
0.935182, 0
0.935182, 0
0.934637, 0
0.934637, 0
0.934091, 0
0.934091, 0
0.933542, 0
0.933542, 0
0.932991, 0
0.932991, 0
0.932438, 0
0.932438, 0
0.931882, 0
0.931882, 0
0.931325, 0
0.931325, 0
0.930765, 0
0.930765, 0
0.930203, 0
0.930203, 0
0.929639, 0
0.929639, 0
0.929073, 0
0.929073, 0
0.928504, 0
0.928504, 0
0.927933, 0
0.927933, 0
0.927361, 0
0.927361, 0
0.926786, 0
0.926786, 0
0.926208, 0
0.926208, 0
0.925629, 0
0.925629, 0
0.925047, 0
0.925047, 0
0.924464, 0
0.924464, 0
0.923878, 0
0.923878, 0
0.923289, 0
0.923289, 0
0.922699, 0
0.922699, 0
0.922107, 0
0.922107, 0
0.921512, 0
0.921512, 0
0.920915, 0
0.920915, 0
0.920316, 0
0.920316, 0
0.919715, 0
0.919715, 0
0.919112, 0
0.919112, 0
0.918506, 0
0.918506, 0
0.917899, 0
0.917899, 0
0.917289, 0
0.917289, 0
0.916677, 0
0.916677, 0
0.916063, 0
0.916063, 0
0.915447, 0
0.915447, 0
0.914828, 0
0.914828, 0
0.914208, 0
0.914208, 0
0.913585, 0
0.913585, 0
0.912960, 0
0.912960, 0
0.912333, 0
0.912333, 0
0.911704, 0
0.911704, 0
0.911073, 0
0.911073, 0
0.910439, 0
0.910439, 0
0.909804, 0
0.909804, 0
0.909166, 0
0.909166, 0
0.908526, 0
0.908526, 0
0.907884, 0
0.907884, 0
0.907240, 0
0.907240, 0
0.906593, 0
0.906593, 0
0.905945, 0
0.905945, 0
0.905295, 0
0.905295, 0
0.904642, 0
0.904642, 0
0.903987, 0
0.903987, 0
0.903330, 0
0.903330, 0
0.902671, 0
0.902671, 0
0.902010, 0
0.902010, 0
0.901347, 0
0.901347, 0
0.900681, 0
0.900681, 0
0.900014, 0
0.900014, 0
0.899344, 0
0.899344, 0
0.898672, 0
0.898672, 0
0.897998, 0
0.897998, 0
0.897322, 0
0.897322, 0
0.896644, 0
0.896644, 0
0.895964, 0
0.895964, 0
0.895282, 0
0.895282, 0
0.894597, 0
0.894597, 0
0.893911, 0
0.893911, 0
0.893222, 0
0.893222, 0
0.892531, 0
0.892531, 0
0.891838, 0
0.891838, 0
0.891143, 0
0.891143, 0
0.890446, 0
0.890446, 0
0.889747, 0
0.889747, 0
0.889046, 0
0.889046, 0
0.888343, 0
0.888343, 0
0.887637, 0
0.887637, 0
0.886930, 0
0.886930, 0
0.886220, 0
0.886220, 0
0.885508, 0
0.885508, 0
0.884795, 0
0.884795, 0
0.884079, 0
0.884079, 0
0.883361, 0
0.883361, 0
0.882641, 0
0.882641, 0
0.881919, 0
0.881919, 0
0.881195, 0
0.881195, 0
0.880468, 0
0.880468, 0
0.879740, 0
0.879740, 0
0.879010, 0
0.879010, 0
0.878277, 0
0.878277, 0
0.877543, 0
0.877543, 0
0.876806, 0
0.876806, 0
0.876068, 0
0.876068, 0
0.875327, 0
0.875327, 0
0.874584, 0
0.874584, 0
0.873839, 0
0.873839, 0
0.873092, 0
0.873092, 0
0.872343, 0
0.872343, 0
0.871592, 0
0.871592, 0
0.870839, 0
0.870839, 0
0.870084, 0
0.870084, 0
0.869327, 0
0.869327, 0
0.868568, 0
0.868568, 0
0.867807, 0
0.867807, 0
0.867043, 0
0.867043, 0
0.866278, 0
0.866278, 0
0.865511, 0
0.865511, 0
0.864742, 0
0.864742, 0
0.863970, 0
0.863970, 0
0.863197, 0
0.863197, 0
0.862421, 0
0.862421, 0
0.861644, 0
0.861644, 0
0.860864, 0
0.860864, 0
0.860083, 0
0.860083, 0
0.859299, 0
0.859299, 0
0.858513, 0
0.858513, 0
0.857726, 0
0.857726, 0
0.856936, 0
0.856936, 0
0.856144, 0
0.856144, 0
0.855351, 0
0.855351, 0
0.854555, 0
0.854555, 0
0.853757, 0
0.853757, 0
0.852958, 0
0.852958, 0
0.852156, 0
0.852156, 0
0.851352, 0
0.851352, 0
0.850547, 0
0.850547, 0
0.849739, 0
0.849739, 0
0.848929, 0
0.848929, 0
0.848117, 0
0.848117, 0
0.847304, 0
0.847304, 0
0.846488, 0
0.846488, 0
0.845670, 0
0.845670, 0
0.844851, 0
0.844851, 0
0.844029, 0
0.844029, 0
0.843205, 0
0.843205, 0
0.842380, 0
0.842380, 0
0.841552, 0
0.841552, 0
0.840722, 0
0.840722, 0
0.839891, 0
0.839891, 0
0.839057, 0
0.839057, 0
0.838222, 0
0.838222, 0
0.837384, 0
0.837384, 0
0.836545, 0
0.836545, 0
0.835703, 0
0.835703, 0
0.834860, 0
0.834860, 0
0.834014, 0
0.834014, 0
0.833167, 0
0.833167, 0
0.832318, 0
0.832318, 0
0.831466, 0
0.831466, 0
0.830613, 0
0.830613, 0
0.829758, 0
0.829758, 0
0.828901, 0
0.828901, 0
0.828042, 0
0.828042, 0
0.827181, 0
0.827181, 0
0.826318, 0
0.826318, 0
0.825453, 0
0.825453, 0
0.824586, 0
0.824586, 0
0.823717, 0
0.823717, 0
0.822847, 0
0.822847, 0
0.821974, 0
0.821974, 0
0.821099, 0
0.821099, 0
0.820223, 0
0.820223, 0
0.819344, 0
0.819344, 0
0.818464, 0
0.818464, 0
0.817582, 0
0.817582, 0
0.816697, 0
0.816697, 0
0.815811, 0
0.815811, 0
0.814923, 0
0.814923, 0
0.814033, 0
0.814033, 0
0.813141, 0
0.813141, 0
0.812247, 0
0.812247, 0
0.811352, 0
0.811352, 0
0.810454, 0
0.810454, 0
0.809554, 0
0.809554, 0
0.808653, 0
0.808653, 0
0.807749, 0
0.807749, 0
0.806844, 0
0.806844, 0
0.805937, 0
0.805937, 0
0.805028, 0
0.805028, 0
0.804117, 0
0.804117, 0
0.803204, 0
0.803204, 0
0.802289, 0
0.802289, 0
0.801373, 0
0.801373, 0
0.800454, 0
0.800454, 0
0.799534, 0
0.799534, 0
0.798612, 0
0.798612, 0
0.797687, 0
0.797687, 0
0.796761, 0
0.796761, 0
0.795833, 0
0.795833, 0
0.794904, 0
0.794904, 0
0.793972, 0
0.793972, 0
0.793038, 0
0.793038, 0
0.792103, 0
0.792103, 0
0.791166, 0
0.791166, 0
0.790227, 0
0.790227, 0
0.789286, 0
0.789286, 0
0.788343, 0
0.788343, 0
0.787398, 0
0.787398, 0
0.786452, 0
0.786452, 0
0.785503, 0
0.785503, 0
0.784553, 0
0.784553, 0
0.783601, 0
0.783601, 0
0.782647, 0
0.782647, 0
0.781691, 0
0.781691, 0
0.780734, 0
0.780734, 0
0.779774, 0
0.779774, 0
0.778813, 0
0.778813, 0
0.777850, 0
0.777850, 0
0.776885, 0
0.776885, 0
0.775918, 0
0.775918, 0
0.774949, 0
0.774949, 0
0.773979, 0
0.773979, 0
0.773007, 0
0.773007, 0
0.772033, 0
0.772033, 0
0.771057, 0
0.771057, 0
0.770079, 0
0.770079, 0
0.769100, 0
0.769100, 0
0.768118, 0
0.768118, 0
0.767135, 0
0.767135, 0
0.766150, 0
0.766150, 0
0.765163, 0
0.765163, 0
0.764175, 0
0.764175, 0
0.763185, 0
0.763185, 0
0.762192, 0
0.762192, 0
0.761199, 0
0.761199, 0
0.760203, 0
0.760203, 0
0.759205, 0
0.759205, 0
0.758206, 0
0.758206, 0
0.757205, 0
0.757205, 0
0.756202, 0
0.756202, 0
0.755197, 0
0.755197, 0
0.754191, 0
0.754191, 0
0.753183, 0
0.753183, 0
0.752173, 0
0.752173, 0
0.751161, 0
0.751161, 0
0.750148, 0
0.750148, 0
0.749132, 0
0.749132, 0
0.748115, 0
0.748115, 0
0.747097, 0
0.747097, 0
0.746076, 0
0.746076, 0
0.745054, 0
0.745054, 0
0.744030, 0
0.744030, 0
0.743004, 0
0.743004, 0
0.741976, 0
0.741976, 0
0.740947, 0
0.740947, 0
0.739916, 0
0.739916, 0
0.738883, 0
0.738883, 0
0.737849, 0
0.737849, 0
0.736812, 0
0.736812, 0
0.735775, 0
0.735775, 0
0.734735, 0
0.734735, 0
0.733693, 0
0.733693, 0
0.732650, 0
0.732650, 0
0.731605, 0
0.731605, 0
0.730559, 0
0.730559, 0
0.729510, 0
0.729510, 0
0.728460, 0
0.728460, 0
0.727408, 0
0.727408, 0
0.726355, 0
0.726355, 0
0.725300, 0
0.725300, 0
0.724243, 0
0.724243, 0
0.723184, 0
0.723184, 0
0.722124, 0
0.722124, 0
0.721062, 0
0.721062, 0
0.719998, 0
0.719998, 0
0.718933, 0
0.718933, 0
0.717866, 0
0.717866, 0
0.716797, 0
0.716797, 0
0.715726, 0
0.715726, 0
0.714654, 0
0.714654, 0
0.713580, 0
0.713580, 0
0.712505, 0
0.712505, 0
0.711428, 0
0.711428, 0
0.710349, 0
0.710349, 0
0.709268, 0
0.709268, 0
0.708186, 0
0.708186, 0
